-- =============================================================
--  农业无人机培训管理系统  初始化数据 (由 parts/ 自动汇总)
--  账号默认密码 123456 ; 内容数据来源见 DATA_SOURCES.md
-- =============================================================
-- =============================================================
--  00 基础数据: 用户/档案/执照/学习记录/考试记录/检查单/作业日志/AI/访问日志
--  (内容类数据见 10_*~14_* 分文件)
-- =============================================================
USE agri_drone_training;

-- 用户 (1管理员 + 若干学员)  密码均为 123456 (BCrypt)
INSERT INTO sys_user (id, username, password, real_name, nickname, gender, phone, email, role, status, create_time) VALUES
(1,  'admin',    '$2a$10$Zen/AKWTvT7/0JHp/5p4Ouj7NHudTXit15ryTUnnB4H1unNWwoxP2', '李军',   '系统管理员', 1, '13800000000', 'admin@agridrone.com',   'ADMIN',   1, '2025-09-01 09:00:00'),
(2,  'luojian',  '$2a$10$Zen/AKWTvT7/0JHp/5p4Ouj7NHudTXit15ryTUnnB4H1unNWwoxP2', '罗健',   '罗健',     1, '13900000001', 'luojian@agridrone.com', 'STUDENT', 1, '2025-09-05 10:00:00'),
(3,  'zhangwei', '$2a$10$Zen/AKWTvT7/0JHp/5p4Ouj7NHudTXit15ryTUnnB4H1unNWwoxP2', '张伟',   '张伟',     1, '13900000002', 'zw@agridrone.com',      'STUDENT', 1, '2025-09-06 10:00:00'),
(4,  'lina',     '$2a$10$Zen/AKWTvT7/0JHp/5p4Ouj7NHudTXit15ryTUnnB4H1unNWwoxP2', '李娜',   '李娜',     2, '13900000003', 'ln@agridrone.com',      'STUDENT', 1, '2025-09-08 10:00:00'),
(5,  'wangfang', '$2a$10$Zen/AKWTvT7/0JHp/5p4Ouj7NHudTXit15ryTUnnB4H1unNWwoxP2', '王芳',   '王芳',     2, '13900000004', 'wf@agridrone.com',      'STUDENT', 1, '2025-10-01 10:00:00'),
(6,  'chenkai',  '$2a$10$Zen/AKWTvT7/0JHp/5p4Ouj7NHudTXit15ryTUnnB4H1unNWwoxP2', '陈凯',   '陈凯',     1, '13900000005', 'ck@agridrone.com',      'STUDENT', 1, '2025-10-12 10:00:00');

-- 学员档案
INSERT INTO student_profile (user_id, id_card, address, emergency_contact, emergency_phone, education, training_status, enroll_date) VALUES
(2, '440101200001011234', '广东省广州市天河区', '罗父', '13700000001', '本科', 'TRAINING',  '2025-09-05'),
(3, '440101199801011235', '广东省深圳市南山区', '张妻', '13700000002', '专科', 'TRAINING',  '2025-09-06'),
(4, '440101199901011236', '广东省佛山市禅城区', '李母', '13700000003', '本科', 'GRADUATED', '2025-09-08'),
(5, '440101200201011237', '广东省东莞市',       '王父', '13700000004', '专科', 'TRAINING',  '2025-10-01'),
(6, '440101200101011238', '广东省珠海市香洲区', '陈兄', '13700000005', '本科', 'TRAINING',  '2025-10-12');

-- 无人机执照 (覆盖 正常/临期/过期 三种状态)
INSERT INTO drone_license (user_id, license_no, license_type, drone_model, issuing_authority, issue_date, expiry_date, status) VALUES
(2, 'UAS-2024-000123', '多旋翼植保(视距内)', 'DJI T50',  '民航局AOPA', '2024-06-15', '2026-06-15', 'NORMAL'),
(3, 'UAS-2024-000456', '多旋翼植保(超视距)', 'DJI T40',  '民航局AOPA', '2024-07-01', '2026-07-10', 'EXPIRING'),
(4, 'UAS-2023-000789', '多旋翼植保(视距内)', '极飞 P100', '民航局AOPA', '2023-05-20', '2025-05-20', 'EXPIRED'),
(5, 'UAS-2025-000111', '多旋翼植保(视距内)', 'DJI T25',  '民航局AOPA', '2025-03-01', '2027-03-01', 'NORMAL'),
(6, 'UAS-2024-000222', '多旋翼植保(超视距)', '极飞 V40',  '民航局AOPA', '2024-09-10', '2026-06-30', 'EXPIRING');

-- 学习记录 (引用课程 1/2/3)
INSERT INTO learning_record (user_id, course_id, progress, finished, last_study_time) VALUES
(2, 1, 100, 1, '2025-11-10 14:00:00'),
(2, 2, 60,  0, '2025-11-15 16:00:00'),
(3, 1, 100, 1, '2025-11-12 10:00:00'),
(4, 3, 100, 1, '2025-11-01 09:00:00'),
(5, 1, 40,  0, '2025-11-16 11:00:00');

-- 考试记录 (引用试卷 1/2)
INSERT INTO exam_record (exam_id, user_id, score, passed, duration, start_time, submit_time, create_time) VALUES
(1, 2, 88, 1, 1800, '2025-11-12 14:00:00', '2025-11-12 14:30:00', '2025-11-12 14:30:00'),
(1, 3, 76, 1, 2000, '2025-11-13 14:00:00', '2025-11-13 14:33:00', '2025-11-13 14:33:00'),
(1, 4, 92, 1, 1500, '2025-11-10 14:00:00', '2025-11-10 14:25:00', '2025-11-10 14:25:00'),
(1, 5, 54, 0, 2200, '2025-11-15 14:00:00', '2025-11-15 14:36:00', '2025-11-15 14:36:00'),
(2, 2, 90, 1, 900,  '2025-11-14 10:00:00', '2025-11-14 10:15:00', '2025-11-14 10:15:00'),
(2, 6, 50, 0, 1100, '2025-11-16 10:00:00', '2025-11-16 10:18:00', '2025-11-16 10:18:00');

-- 飞前安全检查单
INSERT INTO safety_checklist (user_id, location, weather, wind_speed, battery_check, propeller_check, nozzle_check, weather_check, airspace_check, body_check, signal_check, passed, check_time) VALUES
(2, '广州市增城区水稻田',   '晴',   '2级', 1,1,1,1,1,1,1, 1, '2025-11-12 08:00:00'),
(3, '深圳市光明区蔬菜基地', '多云', '3级', 1,1,1,1,1,1,1, 1, '2025-11-13 08:30:00'),
(4, '佛山市南海区果园',     '晴',   '1级', 1,1,1,1,1,1,1, 1, '2025-11-10 07:30:00');

-- 飞行作业日志 (覆盖待审/通过/驳回)
INSERT INTO flight_log (user_id, checklist_id, drone_model, location, crop_type, area, pesticide_used, weather, flight_duration, start_time, end_time, description, audit_status, audit_reason, auditor_id, audit_time, create_time) VALUES
(2, 1, 'DJI T50', '广州市增城区水稻田',   '水稻', 120.50, '25%吡蚜酮悬浮剂', '晴',   45, '2025-11-12 08:10:00', '2025-11-12 08:55:00', '防治稻飞虱作业,航线重叠率20%,飞行平稳。', 'APPROVED', '记录真实,数据完整,通过。', 1, '2025-11-12 18:00:00', '2025-11-12 09:00:00'),
(3, 2, 'DJI T40', '深圳市光明区蔬菜基地', '蔬菜', 80.00,  '10%吡虫啉可湿性粉剂', '多云', 30, '2025-11-13 08:40:00', '2025-11-13 09:10:00', '蔬菜蚜虫防治,清晨低温时段作业。', 'APPROVED', '通过。', 1, '2025-11-13 19:00:00', '2025-11-13 09:20:00'),
(4, 3, '极飞 P100', '佛山市南海区果园',    '柑橘', 60.00,  '1.8%阿维菌素乳油', '晴',   50, '2025-11-10 07:40:00', '2025-11-10 08:30:00', '柑橘红蜘蛛防治。', 'REJECTED', '飞行时长与作业面积明显不符,疑似数据造假,请重新核实后提交。', 1, '2025-11-10 20:00:00', '2025-11-10 08:40:00'),
(5, NULL, 'DJI T25', '东莞市麻涌镇稻田',   '水稻', 50.00,  '25%吡蚜酮悬浮剂', '晴',   25, '2025-11-16 08:00:00', '2025-11-16 08:25:00', '稻飞虱防治作业。', 'PENDING', NULL, NULL, NULL, '2025-11-16 08:30:00'),
(6, NULL, '极飞 V40', '珠海市斗门区稻田',   '水稻', 90.00,  '20%三环唑可湿性粉剂', '多云', 38, '2025-11-17 08:00:00', '2025-11-17 08:38:00', '稻瘟病预防统防统治。', 'PENDING', NULL, NULL, NULL, '2025-11-17 08:45:00');

-- AI诊断记录
INSERT INTO ai_diagnosis (user_id, crop_type, question, recognition_result, recommend_pesticide, recommend_params, confidence, create_time) VALUES
(2, '水稻', '叶片有褐色斑点是什么病?', '识别为水稻纹枯病初期,叶鞘出现水渍状褐斑,需及时防治以防扩展至剑叶。', '建议使用井冈霉素A或苯甲·丙环唑', '{"speed":"4米/秒","height":"2.5米","flow":"1.2升/亩"}', 92.50, '2025-11-14 15:00:00'),
(3, '柑橘', '叶背有红色小点', '识别为柑橘红蜘蛛危害,叶背可见红色螨点及失绿斑。', '建议使用1.8%阿维菌素或螺螨酯', '{"speed":"3米/秒","height":"2米","flow":"2升/亩"}', 88.30, '2025-11-15 16:00:00');

-- 访问日志 (用于访问量看板)
INSERT INTO access_log (user_id, username, ip, module, action, create_time) VALUES
(2,'luojian','127.0.0.1','dashboard','登录',     '2025-11-11 09:00:00'),
(3,'zhangwei','127.0.0.1','course','学习',        '2025-11-12 09:00:00'),
(4,'lina','127.0.0.1','exam','考试',              '2025-11-13 09:00:00'),
(2,'luojian','127.0.0.1','flightlog','提交日志',  '2025-11-14 09:00:00'),
(5,'wangfang','127.0.0.1','ai','AI诊断',          '2025-11-15 09:00:00'),
(6,'chenkai','127.0.0.1','flightlog','提交日志',  '2025-11-16 09:00:00'),
(2,'luojian','127.0.0.1','knowledge','查询知识库','2025-11-17 09:00:00');
USE agri_drone_training;

INSERT INTO course (id, title, category, cover, intro, content, video_url, instructor, duration, view_count, sort, status) VALUES
(
1,
'无人机飞行法规与空域管理',
'法规',
NULL,
'系统讲解《无人驾驶航空器飞行管理暂行条例》核心制度，涵盖分类管理、实名登记、操控员执照与适飞空域，帮助植保从业者建立合规作业的法律基础，避免黑飞风险。',
'<h3>一、课程目标</h3><p>本课程面向农业植保无人机操作人员，系统梳理我国现行无人机飞行管理法规体系，使学员掌握合法作业所需的登记、执照与空域申请要点，从源头规避违法飞行风险。</p><h3>二、法规体系与分类管理</h3><p>《无人驾驶航空器飞行管理暂行条例》自2024年1月1日起施行，是我国首部专门规范无人机飞行的行政法规。条例按空机重量与最大起飞重量将民用无人机分为微型、轻型、小型、中型、大型五类，常见植保无人飞机多属中型或大型，管理要求更为严格。</p><h3>三、三大核心制度</h3><ul><li>实名登记：拥有无人机的单位和个人须依法实名登记并标注登记识别标志，未登记不得飞行。</li><li>操控员执照：操控小型及以上无人机须依法取得相应等级操控员执照，植保人员须持证上岗。</li><li>空域与飞行申请：作业须在适飞空域内进行，进入管制空域应提前向空管机构申请，明确时间、区域、高度等。</li></ul><h3>四、植保作业合规要点</h3><p>植保作业前应核实作业区域是否处于禁飞区或机场净空保护区，确认飞行高度通常控制在真高一百二十米以内。经营性飞行还须取得相应经营许可，购买保险，规范保存作业记录以备核查。</p><h3>五、违规后果</h3><ul><li>未实名登记、未持执照或擅自进入管制空域均属违法，可处罚款乃至追究刑事责任。</li><li>造成事故或扰乱公共秩序的，依法承担民事与行政责任。</li></ul><p>合法合规是植保飞防的前提，学员应牢记登记、执照、空域三大要求，养成飞前查空域、留痕迹的良好习惯。</p>',
'https://www.runoob.com/try/demo_source/mov_bbb.mp4',
'李军',
75,
386,
1,
1
),
(
2,
'植保无人机操控基础',
'飞行操作',
NULL,
'从遥控器认知到起降、悬停、航线飞行，循序讲解植保无人机的基础操控技能与安全习惯，配合模拟与实飞训练，帮助零基础学员快速建立稳定的手动飞行能力。',
'<h3>一、设备与遥控认知</h3><p>本课程从遥控器布局讲起，明确左右摇杆功能：左杆控制油门与航向，右杆控制前后左右姿态。学员须熟悉模式切换开关、急停按键与返航按键的位置，理解GPS模式、姿态模式与手动模式的区别与适用场景。</p><h3>二、起飞与降落</h3><ul><li>起飞前确认电量充足、桨叶安装牢固、周边十米内无人无障碍。</li><li>解锁后缓推油门平稳离地，悬停于一点五米高度观察姿态是否稳定。</li><li>降落时缓收油门，接地后立即上锁，防止误触导致桨叶伤人。</li></ul><h3>三、悬停与姿态控制</h3><p>悬停是一切操控的基础。学员应练习定点悬停、对尾悬停与对头悬停，体会操纵方向随机头朝向变化的规律。建议先在GPS模式下练习，稳定后再过渡到姿态模式，提升应对失锁的能力。</p><h3>四、基础航线飞行</h3><p>掌握悬停后，进行四边形、八字、直线往返等航线练习，保持匀速与恒定高度，飞行高度一般控制在作物上方二到三米。练习中重点体会风向对航迹的影响，逆风与顺风时油门与姿态的调整差异。</p><h3>五、安全习惯养成</h3><ul><li>始终保持无人机在视距内，人机保持安全距离。</li><li>遇异常立即切换返航或就近平稳降落，不可慌乱猛打杆。</li><li>每次飞行后记录飞行时长与电池循环次数，便于维护管理。</li></ul><p>扎实的基础操控是精准植保作业的根基，学员应通过模拟器与实飞反复练习，形成肌肉记忆与冷静的应急反应。</p>',
'https://www.runoob.com/try/demo_source/movie.mp4',
'王教官',
90,
342,
2,
1
),
(
3,
'农药安全配比与喷洒技术',
'植保技术',
NULL,
'讲解农药二次稀释、亩喷液量计算、喷洒系统调试与个人防护，帮助学员实现精准、安全、高效的飞防施药，减少药害与浪费，保障人身与环境安全。',
'<h3>一、农药配制基本原则</h3><p>植保无人机作业药液浓度高、雾滴细，配药须科学规范。核心原则是采用二次稀释法：先用少量清水将农药母液稀释成母液浓缩液，搅拌均匀后再加入药箱定容，避免药剂结块沉淀堵塞喷头。</p><h3>二、亩喷液量计算</h3><ul><li>植保无人机常用亩喷液量为一到二升，依作物种类与病虫害程度调整。</li><li>计算公式：药箱容量除以亩喷液量等于单架次可作业亩数。</li><li>根据作业亩数与推荐用药量，反推每箱药剂添加量，确保单位面积用药精准。</li></ul><h3>三、喷洒系统调试</h3><p>作业前须校准流量与喷幅。通过调节泵压与喷头型号匹配目标雾滴粒径，叶面喷雾一般选用一百到三百微米雾滴。检查每个喷头雾化是否均匀，有无滴漏或堵塞，确保喷幅与航线间距匹配，重叠率控制在百分之十到百分之二十。</p><h3>四、个人防护与安全</h3><ul><li>配药与作业全程佩戴口罩、手套、护目镜与防护服，严禁徒手接触药剂。</li><li>在上风向操作，避免药液飘移接触身体，作业后及时清洗。</li><li>剩余药液与空瓶规范回收处理，不得随意倾倒污染水源。</li></ul><h3>五、减少药害与飘移</h3><p>高温强光与大风天气易造成药害与飘移，应选择清晨或傍晚、风速三米每秒以下时作业。飞行高度过高会加剧飘移，一般保持在作物上方二到三米。轮换用药、严格按推荐浓度施用，可有效防止抗药性与药害发生。</p><p>科学配比与规范喷洒是飞防提质增效的关键，学员应熟练掌握计算与调试方法，做到精准用药、安全作业。</p>',
'https://media.w3.org/2010/05/sintel/trailer.mp4',
'陈工',
85,
375,
3,
1
),
(
4,
'飞前安全检查与应急处置',
'安全',
NULL,
'围绕飞前检查清单与典型突发情况，讲解电池、桨叶、机架与遥控信号的检查方法，以及失控、断桨、低电量时的应急迫降与处置流程，全面提升作业安全保障能力。',
'<h3>一、飞前检查的意义</h3><p>多数植保事故源于检查疏漏。建立标准化飞前检查清单，逐项确认设备状态，是预防事故的第一道防线。本课程帮助学员养成起飞前必检的职业习惯。</p><h3>二、设备检查清单</h3><ul><li>电池：检查电量、电压均衡与外观，有无鼓包破损，触点是否清洁牢固。</li><li>桨叶：检查有无裂纹缺口、安装是否锁紧、旋向是否正确。</li><li>机架与电机：检查紧固件有无松动，电机转动是否顺畅无异响。</li><li>喷洒系统：检查药箱、管路、喷头有无堵塞滴漏。</li><li>遥控与信号：确认遥控器电量、对频正常，GPS星数充足，指南针校准无误。</li></ul><h3>三、环境与空域确认</h3><p>起飞前观察风速、风向与天气，风速宜在三米每秒以下；确认作业区无高压线、树木、人员等障碍，核实不在禁飞区内，规划好返航点与应急降落点。</p><h3>四、典型应急处置</h3><ul><li>失控或信号中断：保持冷静，触发自动返航，若无效则手动尝试切换模式就近降落。</li><li>低电量报警：立即停止作业返航，预留足够余量，严禁耗尽电量飞行。</li><li>断桨或动力异常：迅速选择空旷区域紧急迫降，远离人员与建筑。</li><li>药液泄漏：停止喷洒，安全降落后处理，注意个人防护。</li></ul><h3>五、事故后处置</h3><p>发生坠机或事故后，应先确保人员安全，切断电源防止起火，保护现场并记录原因，及时上报并排查隐患后方可恢复作业。</p><p>安全无小事，规范的飞前检查与冷静的应急处置能力，是每名飞防作业人员必备的核心素养。</p>',
'https://www.runoob.com/try/demo_source/mov_bbb.mp4',
'赵博士',
60,
298,
4,
1
),
(
5,
'病虫害识别与精准施药',
'植保技术',
NULL,
'讲解主要农作物常见病虫害的田间识别方法与发生规律，结合无人机变量施药技术，实现对症下药、按需施药，提升防治效果并减少农药用量。',
'<h3>一、病虫害识别基础</h3><p>精准施药的前提是准确识别。学员需掌握通过叶片病斑、虫体形态、为害状与发生规律判断病虫害种类的方法，区分真菌、细菌、病毒病害及不同害虫为害特征。</p><h3>二、主要作物常见病虫害</h3><ul><li>水稻：稻飞虱、二化螟、稻纵卷叶螟、稻瘟病、纹枯病。</li><li>小麦：蚜虫、麦蜘蛛、白粉病、赤霉病、条锈病。</li><li>玉米：玉米螟、草地贪夜蛾、大小斑病。</li></ul><h3>三、田间调查与防治指标</h3><p>作业前应开展田间踏查，统计虫口密度与病情指数，达到防治指标再施药，避免盲目用药。结合预测预报与诱捕监测，把握最佳防治适期，通常在病虫害发生初期防治效果最佳。</p><h3>四、精准变量施药</h3><ul><li>根据田块病虫害分布差异，设置不同区域的施药量，实现变量作业。</li><li>对症选择药剂与剂型，按推荐浓度二次稀释，避免随意混用。</li><li>飞行高度保持作物上方二到三米，雾滴粒径与目标部位匹配，确保叶背与冠层下部着药。</li></ul><h3>五、防治效果评估</h3><p>施药后三到七天调查防治效果，记录虫口减退率与病情控制情况，评估用药合理性。注意轮换不同作用机理药剂，延缓抗药性产生，保护天敌与生态环境。</p><p>识别准、适期早、用药精，是高效绿色防控的核心。学员应将病虫害识别与无人机变量施药技术有机结合，实现按需精准防治。</p>',
'https://www.runoob.com/try/demo_source/movie.mp4',
'陈工',
95,
267,
5,
1
),
(
6,
'植保无人机结构与日常维护保养',
'飞行操作',
NULL,
'解析植保无人机动力、飞控、喷洒与电池系统的结构原理，讲解日常清洗、保养与故障排查方法，帮助学员延长设备寿命、保障作业可靠性。',
'<h3>一、整机结构组成</h3><p>植保无人机主要由机架、动力系统、飞控系统、喷洒系统、电池与遥控系统组成。理解各系统功能与相互关系，是日常维护与故障判断的基础。</p><h3>二、核心系统原理</h3><ul><li>动力系统：电机、电调与桨叶提供升力，旋向与匹配直接影响飞行稳定。</li><li>飞控系统：集成GPS、惯性测量单元与指南针，部分机型配备RTK实现厘米级定位。</li><li>喷洒系统：由药箱、水泵、管路与喷头组成，决定雾化与喷幅效果。</li></ul><h3>三、日常清洗与保养</h3><p>农药具腐蚀性，每日作业后必须清洗。先清空药箱并用清水反复冲洗管路喷头，防止结晶堵塞；清洁机身药液残留，检查电机散热孔无异物；擦拭传感器窗口保持清洁，避免影响定位。</p><h3>四、关键部件检查周期</h3><ul><li>桨叶：每次作业前检查裂纹与磨损，发现损伤立即更换。</li><li>电池：定期检查电压均衡与鼓包，长期存放保持半电量并低温干燥存放。</li><li>喷头与水泵：定期校准流量，清理滤网，更换磨损喷头保证雾滴均匀。</li><li>紧固件：定期检查机臂、电机座螺丝有无松动。</li></ul><h3>五、常见故障排查</h3><p>遇定位漂移先校准指南针并远离磁干扰；喷洒不均多为喷头堵塞或水泵异常；动力异响应检查桨叶平衡与电机轴承。建立保养台账，记录每次维护与更换情况，做到预防为主。</p><p>规范的日常维护能显著降低故障率与作业风险，学员应将保养纳入每日作业流程，确保设备始终处于良好状态。</p>',
'https://media.w3.org/2010/05/sintel/trailer.mp4',
'王教官',
80,
221,
6,
1
),
(
7,
'航线规划与精准变量作业',
'飞行操作',
NULL,
'讲解基于RTK的航线规划、作业参数设置与变量作业方法，涵盖测绘打点、航线间距、重叠率与仿地飞行，帮助学员实现高效、均匀、精准的全自主飞防作业。',
'<h3>一、自主作业概述</h3><p>现代植保无人机普遍支持全自主航线作业。通过提前规划航线与参数，无人机可按设定路径自动飞行喷洒，大幅提升作业效率与均匀度。本课程系统讲解航线规划全流程。</p><h3>二、测绘与边界采集</h3><ul><li>使用RTK或测绘设备沿田块边界打点，生成精确作业地块。</li><li>标记田块内障碍物与电线杆等，设置安全避障区。</li><li>RTK定位可达厘米级精度，是精准航线作业的关键。</li></ul><h3>三、作业参数设置</h3><p>关键参数包括飞行高度、飞行速度、航线间距、亩喷液量与雾滴粒径。飞行高度一般为作物上方二到三米，航线间距与喷幅匹配，重叠率控制在百分之十到百分之二十，避免漏喷与重喷。速度过快会降低着药均匀度，须与流量协调。</p><h3>四、仿地飞行与变量作业</h3><ul><li>仿地飞行：依靠雷达或地形数据保持与作物恒定相对高度，适应起伏地形与坡地。</li><li>变量作业：根据处方图对不同区域设定不同施药量，实现按需精准施药。</li></ul><h3>五、作业执行与监控</h3><p>起飞后实时监控电量、飞行姿态与喷洒状态，关注断点续喷功能，换电或加药后可从中断点继续。遇强风或异常及时暂停。作业完成后导出作业记录，统计面积、用药量与轨迹，便于复盘与追溯。</p><p>科学的航线规划与精准变量作业，是规模化飞防提质增效的核心技术，学员应熟练掌握测绘、参数与监控全流程。</p>',
'https://www.runoob.com/try/demo_source/mov_bbb.mp4',
'李军',
100,
254,
7,
1
),
(
8,
'气象条件与雾滴飘移控制',
'植保技术',
NULL,
'分析风速、温度、湿度等气象因素对喷洒效果与雾滴飘移的影响，讲解作业时段选择、雾滴粒径调控与飘移防控措施，帮助学员减少飘移药害、提高沉积率。',
'<h3>一、气象对飞防的影响</h3><p>气象条件直接决定喷洒质量与安全。风速、温度、湿度与气流稳定度共同影响雾滴的沉积与飘移。掌握气象规律是科学安排作业、控制飘移的前提。</p><h3>二、关键气象因素</h3><ul><li>风速：是飘移的首要因素，作业宜在风速三米每秒以下进行，超过则飘移加剧。</li><li>温度与湿度：高温低湿易导致雾滴蒸发缩小、飘移增强，宜避开正午高温时段。</li><li>逆温层：清晨傍晚近地逆温会使细雾滴悬浮远飘，需谨慎评估。</li></ul><h3>三、最佳作业时段</h3><p>一般推荐清晨与傍晚作业，此时气温适宜、风速较小、蒸发较弱，雾滴沉积率高。应避开正午高温强光与大风时段，雨前与有雨时停止作业以防药剂流失。</p><h3>四、雾滴飘移控制措施</h3><ul><li>合理选择雾滴粒径，叶面喷雾常用一百到三百微米，过细雾滴极易飘移。</li><li>降低飞行高度至作物上方二到三米，缩短雾滴飘移路径。</li><li>添加抗飘移助剂，增大雾滴抗蒸发与抗飘移能力。</li><li>在下风向预留缓冲带，远离敏感作物、水源与居民区。</li></ul><h3>五、飘移风险评估</h3><p>作业前评估周边环境与风向，判断飘移可能影响的区域。对邻近敏感作物的田块应调整作业方向，由敏感区下风向起飞，必要时改期作业。建立气象记录，将风速温湿度纳入作业台账。</p><p>读懂气象、控好雾滴，是减少飘移药害、提升农药利用率的关键，学员应养成看天作业、随时评估的专业习惯。</p>',
'https://www.runoob.com/try/demo_source/movie.mp4',
'赵博士',
70,
189,
8,
1
),
(
9,
'禁飞区与黑飞危害案例解析',
'法规',
NULL,
'通过典型黑飞与禁飞区违规案例，剖析无人机违法飞行的法律责任与安全后果，讲解禁飞区识别与空域查询方法，强化学员守法飞行与风险防范意识。',
'<h3>一、禁飞区的概念与划设</h3><p>禁飞区是出于公共安全与国家安全考虑禁止无人机飞行的区域。常见类型包括机场净空保护区、军事管理区、重要设施周边、大型活动场所与边境地区。植保人员作业前必须确认作业区不在禁飞范围内。</p><h3>二、空域查询与识别方法</h3><ul><li>通过官方无人机综合监管平台或飞行管理APP查询适飞与禁飞区域。</li><li>关注临时管制通告，重大活动期间可能临时划设禁飞区。</li><li>机场周边通常设有较大半径的净空保护区，须重点规避。</li></ul><h3>三、黑飞的危害</h3><p>黑飞指未登记、未持证或擅自进入管制空域的违法飞行。其危害包括威胁民航飞行安全、干扰公共秩序、侵犯隐私，以及在事故中造成人身财产损失。一旦在机场周边黑飞，可能导致航班大面积延误，后果严重。</p><h3>四、典型案例剖析</h3><ul><li>某机场周边无人机闯入净空区，致多个航班备降延误，当事人被依法处罚。</li><li>某作业人员未申请空域擅自跨区飞行，发生失控坠落造成财产损失并承担赔偿。</li><li>未实名登记设备从事经营作业，被责令停止并处以罚款。</li></ul><h3>五、守法飞行要点</h3><p>合法作业应做到：设备实名登记、操控人员持证、飞行前查询空域、必要时申请飞行计划、规范保存作业记录。养成飞前查空域的习惯，从根本上杜绝黑飞风险。</p><p>案例警示我们，黑飞代价沉重。每名从业者都应敬畏规则、守法飞行，共同维护空域安全与行业健康发展。</p>',
'https://media.w3.org/2010/05/sintel/trailer.mp4',
'李军',
55,
312,
9,
1
),
(
10,
'水稻小麦统防统治飞防作业规范',
'植保技术',
NULL,
'结合水稻与小麦主要病虫害防治需求，讲解统防统治的组织实施与飞防作业标准流程，涵盖作业参数、用药方案与质量验收，助力规模化高效绿色防控。',
'<h3>一、统防统治概述</h3><p>统防统治是以专业化服务组织为主体，对一定区域内同类作物病虫害实施统一时间、统一用药、统一作业的绿色防控模式。植保无人机是统防统治的高效作业工具，可显著提升防治效率与质量。</p><h3>二、水稻飞防要点</h3><ul><li>主要防治对象：稻飞虱、二化螟、稻纵卷叶螟、稻瘟病、纹枯病。</li><li>关键防治适期：分蘖期、孕穗期与破口抽穗期，把握病虫害发生初期。</li><li>作业参数：飞行高度作物上方二到三米，亩喷液量一到二升，雾滴注意打透冠层下部。</li></ul><h3>三、小麦飞防要点</h3><ul><li>主要防治对象：蚜虫、麦蜘蛛、白粉病、赤霉病、条锈病。</li><li>赤霉病须在抽穗扬花期抢晴喷药，必要时间隔补防一次。</li><li>可结合一喷三防，将杀菌剂、杀虫剂与叶面肥科学混配，避免不合理混用。</li></ul><h3>四、标准作业流程</h3><p>统防统治作业按踏查定方案、配药定参数、规划航线、自主作业、质量验收的流程实施。作业前统一勘查地块与病情，制定用药方案；严格二次稀释配药；按处方设置参数与航线，重叠率控制在百分之十到百分之二十；风速三米每秒以下、清晨傍晚作业。</p><h3>五、质量验收与记录</h3><ul><li>检查作业覆盖是否均匀，有无漏喷重喷，叶面着药是否充分。</li><li>施药后跟踪调查防治效果，记录虫口减退率与病情控制情况。</li><li>建立作业台账，记录面积、用药、时间、气象与操作人员，便于追溯。</li></ul><p>规范化的统防统治飞防作业，能实现节本增效与绿色防控双赢，学员应严格执行标准流程，保障作业质量与农产品安全。</p>',
'https://www.runoob.com/try/demo_source/mov_bbb.mp4',
'陈工',
110,
278,
10,
1
);
USE agri_drone_training;

INSERT INTO regulation (title, type, cover, summary, content, author, view_count, publish_time, status) VALUES
(
'《无人驾驶航空器飞行管理暂行条例》核心要点解读',
'REGULATION',
NULL,
'《无人驾驶航空器飞行管理暂行条例》自2024年1月1日起施行，是我国首部专门规范无人机飞行的行政法规，确立了分类管理、实名登记、操控员执照与空域飞行活动申请等基本制度，是农业植保作业合规的基础依据。',
'<p>《无人驾驶航空器飞行管理暂行条例》由国务院、中央军委于2023年公布，自2024年1月1日起施行，是我国第一部针对无人驾驶航空器飞行管理的专门行政法规，对农业植保等各类无人机活动具有全面约束力。</p><h3>一、分类管理制度</h3><p>条例按照空机重量和最大起飞重量，将民用无人驾驶航空器分为微型、轻型、小型、中型、大型五类。微型指空机重量小于0.25千克的无人机；轻型指空机重量不超过4千克且最大起飞重量不超过7千克的无人机；小型指空机重量不超过15千克或最大起飞重量不超过25千克的无人机；中型和大型则覆盖更大重量的机型。常见的农业植保无人飞机多属于中型或大型范畴，管理要求相对严格。</p><h3>二、实名登记制度</h3><p>从事飞行活动的单位和个人，应当依法对所拥有的民用无人驾驶航空器进行实名登记，标注登记识别标志。未经实名登记不得开展飞行活动。</p><h3>三、操控员执照</h3><p>操控小型、中型、大型民用无人驾驶航空器飞行的人员，应当依法取得相应的操控员执照。农业植保无人飞机操控人员通常需取得对应等级执照或完成规定培训，方可上岗作业。</p><h3>四、空域与飞行活动申请</h3><ul><li>无人机飞行需在适飞空域内进行，进入管制空域应当依法申请并获得批准。</li><li>飞行活动一般应提前向空中交通管理机构提出申请，明确飞行时间、区域、高度等信息。</li><li>从事经营性飞行活动还应取得相应的经营许可。</li></ul><p>条例的施行，标志着我国无人机管理进入法治化、规范化轨道，农业植保从业者应严格遵循登记、执照、空域三大核心要求，确保作业合法合规。</p>',
'系统管理员',
658,
'2025-09-12 09:00:00',
1
),
(
'民用无人驾驶航空器实名制登记管理规定要点',
'REGULATION',
NULL,
'民用无人驾驶航空器实名制登记是法定基本义务，所有人需通过官方平台填报个人或单位信息、产品信息并粘贴登记标志。本文梳理登记对象、流程与责任，帮助农业植保从业者完成合规登记。',
'<p>为加强民用无人驾驶航空器管理，落实《无人驾驶航空器飞行管理暂行条例》要求，民用无人机所有者必须依法完成实名制登记，方可合法开展飞行活动。农业植保无人飞机作为典型的中大型作业设备，更应严格履行登记义务。</p><h3>一、登记对象</h3><p>凡在我国境内最大起飞重量达到规定标准的民用无人驾驶航空器，其所有人均应进行实名登记。无论是个人购买的自用机型，还是农业合作社、植保服务组织持有的作业机队，都属于登记范围。</p><h3>二、登记内容</h3><ul><li>所有者信息：个人需填写姓名、有效证件号码、联系方式；单位需填写名称、统一社会信用代码、联系人等。</li><li>产品信息：包括制造商、产品型号、序列号等。</li><li>使用用途：明确为农业植保、航拍或其他用途。</li></ul><h3>三、登记流程</h3><p>所有者通过民用无人驾驶航空器登记管理的官方系统平台注册账号，按提示填报上述信息并提交审核。系统生成唯一登记识别标志后，所有者须将标志以二维码或字符形式打印并粘贴于机体明显位置，确保牢固清晰。</p><h3>四、变更与注销</h3><p>当所有人发生变更、设备报废或转让时，应当及时办理登记信息变更或注销手续，保持登记信息真实准确。</p><h3>五、法律责任</h3><p>未按规定实名登记即开展飞行活动的，将依据相关规定承担相应法律责任。农业植保组织应建立设备台账，统一管理登记标志，避免因登记缺失导致作业受阻或被处罚。</p>',
'系统管理员',
473,
'2025-09-20 10:30:00',
1
),
(
'《民用微轻小型无人驾驶航空器飞行管理暂行办法》适飞与管制空域',
'REGULATION',
NULL,
'本办法对微型、轻型、小型无人机划定适飞空域与管制空域，明确真高与限制条件。农业植保多在适飞空域低空作业，掌握空域划设规则是安全合规飞行的前提。',
'<p>《民用微轻小型无人驾驶航空器（含模型航空器）飞行管理暂行办法》对微型、轻型、小型无人机的飞行空域作出具体规定，是配合上位条例落地的重要规范，对农业植保低空作业的空域选择具有直接指导意义。</p><h3>一、空域分类</h3><p>无人机飞行空域分为适飞空域和管制空域两类。适飞空域是指在一定真高以下、远离机场净空保护区、重点区域和敏感目标等的空域，符合条件的微轻小型无人机可在其中自由飞行；管制空域则需依法申请并获批后方可进入。</p><h3>二、真高限制</h3><p>一般情况下，微型、轻型、小型无人机在适飞空域内飞行的真高不得超过120米。农业植保作业飞行高度通常在作物冠层上方数米范围，远低于该上限，但仍须确认所处区域属于适飞空域。</p><h3>三、管制空域范围</h3><ul><li>真高120米以上的空域。</li><li>机场及周边一定范围的净空保护区域。</li><li>国界线、边境线附近以及重要设施、敏感目标上方等区域。</li><li>地方政府依法划设的临时管制区域。</li></ul><h3>四、农业作业注意事项</h3><p>农业植保区域可能临近机场、输电线路或居民区，作业前应通过官方空域查询渠道确认所处空域属性。若作业区位于管制空域内，须提前提交飞行计划并取得批准。作业时应保持目视可见、避让有人驾驶航空器，确保飞行安全与周边人员财产安全。</p><p>准确理解适飞与管制空域的划分，是植保飞手实现安全、合法、高效作业的基础。</p>',
'系统管理员',
521,
'2025-10-08 14:00:00',
1
),
(
'农用植保无人飞机作业人员与设备合规要求',
'REGULATION',
NULL,
'植保无人飞机作业涉及人员资质、设备登记、农药安全与作业规范等多方面合规要求。本文系统梳理操作人员持证、设备检验、施药安全与作业记录等要点，助力规范化植保服务。',
'<p>植保无人飞机在喷施农药、播撒种肥等作业中应用广泛，因其涉及低空飞行与农药使用双重风险，国家对作业人员与设备提出了明确的合规要求。规范作业既保障人员安全，也保护农产品质量与生态环境。</p><h3>一、人员资质要求</h3><p>植保无人飞机操控人员应当经过专业培训，掌握飞行操控、航线规划、应急处置等技能，并按规定取得相应的操控员执照或培训合格证明。同时，从事农药喷施作业人员还应了解农药安全使用与个人防护知识。</p><h3>二、设备合规要求</h3><ul><li>设备须完成实名登记并粘贴登记识别标志。</li><li>植保无人飞机应符合相关产品标准，喷洒系统、避障与定位系统功能完好。</li><li>定期进行维护保养与功能检查，确保作业状态良好。</li></ul><h3>三、农药安全使用</h3><p>作业应严格遵守农药管理相关规定，选用登记允许用于航空植保的农药品种，按推荐剂量与稀释比例配药，避免超量使用。配药、装载过程应做好个人防护，防止农药泄漏污染。</p><h3>四、作业规范</h3><p>作业前应勘察田块，确认周边无敏感作物、水源地、养殖区与人员聚集场所，设置必要的安全隔离距离。作业中保持目视可见、控制飞行高度与速度，注意风向风速，减少农药飘移。作业后应清洗设备、妥善处置废弃包装。</p><h3>五、记录与追溯</h3><p>植保服务组织应建立作业台账，记录作业时间、地点、面积、农药品种与用量、操作人员等信息，实现作业可追溯，提升服务专业化与规范化水平。</p>',
'系统管理员',
612,
'2025-10-21 11:15:00',
1
),
(
'农机购置补贴中植保无人机补贴政策解读',
'POLICY',
NULL,
'植保无人飞机已纳入农机购置与应用补贴范围，符合条件的购置者可按规定申领补贴。本文介绍补贴对象、机具范围、申领流程与使用要求，帮助农户与服务组织用好惠农政策。',
'<p>为推动农业机械化与智能化发展，国家持续完善农机购置与应用补贴政策，植保无人飞机作为重要的智能农机装备，已被纳入补贴支持范围，有效降低了购机成本，促进了植保社会化服务的发展。</p><h3>一、补贴对象</h3><p>补贴对象一般为从事农业生产的个人、农民合作社、家庭农场以及农业生产经营组织等。购置者需依法依规购买进入补贴目录的植保无人飞机产品。</p><h3>二、机具范围</h3><p>纳入补贴的植保无人飞机应符合国家或行业相关标准，并列入各省（区、市）发布的农机购置补贴产品目录。不同地区根据本地农业生产特点确定具体补贴机型与补贴额度。</p><h3>三、补贴标准</h3><ul><li>补贴额按照同档产品市场价格的一定比例测算并设定上限，实行定额补贴。</li><li>具体补贴额度以购机当地公布的标准为准，存在地区差异。</li><li>部分地区对绿色高效机型给予倾斜支持。</li></ul><h3>四、申领流程</h3><p>购机者购置补贴目录内产品后，按照所在地农业农村部门的要求，提交购机发票、设备信息、实名登记证明等材料，通过线上或线下渠道申请补贴。经审核公示后，补贴资金拨付到购机者账户。</p><h3>五、使用要求</h3><p>享受补贴的机具应规范使用，在规定年限内不得擅自转卖或挪作他用。农业农村部门可对补贴机具的使用情况进行抽查核实，确保惠农资金用于实际农业生产，发挥应有效益。</p>',
'系统管理员',
389,
'2025-08-15 09:30:00',
1
),
(
'高标准农田建设与统防统治社会化服务政策',
'POLICY',
NULL,
'高标准农田建设为植保无人机规模化作业创造条件，统防统治社会化服务政策鼓励专业组织开展病虫害统一防治。本文解读政策导向与对农业无人机产业的带动作用。',
'<p>高标准农田建设与病虫害统防统治社会化服务，是保障国家粮食安全、推进农业现代化的重要举措。两项政策相互促进，为植保无人飞机的规模化、专业化应用提供了广阔空间。</p><h3>一、高标准农田建设</h3><p>高标准农田建设着力打造集中连片、设施完善、田块平整、旱涝保收的优质农田。田块的规整化与连片化，显著提升了植保无人飞机航线规划与作业效率，使机械化、智能化植保得以高效开展。</p><h3>二、统防统治社会化服务</h3><p>统防统治是指由专业化服务组织对一定区域内的农作物病虫害实施统一监测、统一用药、统一防治的服务模式。政策鼓励发展专业化防治服务组织，支持其配备植保无人飞机等高效植保机械。</p><h3>三、政策支持方向</h3><ul><li>支持专业化服务组织开展病虫害统防统治，提升防治覆盖率。</li><li>引导社会化服务向标准化、规范化方向发展。</li><li>推动绿色防控与化学防治相结合，提高防治效果，降低用药风险。</li></ul><h3>四、对无人机产业的带动</h3><p>统防统治服务规模的扩大，直接拉动了植保无人飞机的市场需求与作业量。专业化服务组织成为无人机植保的主要应用主体，带动了飞手培训、设备维修、农药配套等上下游产业发展。</p><p>对农业无人机培训而言，高标准农田与统防统治政策提供了稳定的作业场景与人才需求，培训机构应紧密对接服务组织用人标准，培养实用型植保飞手。</p>',
'系统管理员',
342,
'2025-08-28 15:20:00',
1
),
(
'农业农村部绿色防控与农药减量增效行动政策',
'POLICY',
NULL,
'绿色防控与农药减量增效行动倡导精准施药、生态调控与统防统治，植保无人飞机以其精准高效的施药能力成为减量增效的重要工具。本文解读行动目标与无人机的应用价值。',
'<p>为推进农业绿色发展、保障农产品质量安全与生态环境安全，农业农村部持续推进绿色防控与农药减量增效行动。该行动倡导科学用药、精准施药，植保无人飞机凭借精准、高效的作业特点，成为实现农药减量增效的重要技术装备。</p><h3>一、行动目标</h3><p>行动以减少化学农药使用量、提高农药利用率、保障防治效果为核心目标，推动病虫害防治方式由单一化学防治向综合绿色防控转变，促进农业可持续发展。</p><h3>二、主要措施</h3><ul><li>推广生态调控、生物防治、物理防治等绿色防控技术。</li><li>推行精准施药与高效植保机械，提高农药利用率。</li><li>开展病虫害统防统治，实现统一精准用药。</li><li>加强病虫害监测预警，做到适时、对靶防治。</li></ul><h3>三、植保无人飞机的价值</h3><p>植保无人飞机可实现按需精准喷施，通过低容量喷雾、变量施药等技术手段，减少农药浪费与飘移，提高雾滴沉积率与防治均匀度。相比传统人工或地面机械施药，其作业效率更高、人药接触更少，符合减量增效与安全施药的政策导向。</p><h3>四、对培训的启示</h3><p>在减量增效背景下，植保飞手不仅要掌握飞行操控，更要理解精准施药原理、农药安全使用与绿色防控理念。培训内容应融入科学用药与生态防控知识，培养既懂飞行又懂农艺的复合型人才，更好服务绿色农业发展。</p>',
'系统管理员',
406,
'2025-09-05 10:00:00',
1
),
(
'我国农业无人机保有量与作业面积持续增长',
'NEWS',
NULL,
'近年来我国农业无人机保有量与年作业面积保持快速增长，已成为全球农业植保无人机应用规模领先的国家。行业的扩张带动了飞手培训与社会化服务需求的持续上升。',
'<p>近年来，我国农业无人机产业呈现高速发展态势，植保无人飞机保有量与年作业面积持续攀升，已成为全球农业植保无人机应用规模最大的国家之一，深刻改变了传统农业生产方式。</p><h3>一、保有量快速增长</h3><p>随着农机购置补贴政策的支持、设备价格的下降以及作业效率的提升，越来越多的农户、合作社与专业化服务组织购置植保无人飞机。全国植保无人飞机保有量逐年大幅增加，机型也不断向智能化、大载重方向升级。</p><h3>二、作业面积大幅提升</h3><p>植保无人飞机广泛应用于水稻、小麦、玉米、棉花等主要农作物的病虫害防治与施肥作业，年作业面积持续增长，覆盖区域由南方水稻产区向北方旱作区不断扩展。</p><h3>三、增长驱动因素</h3><ul><li>政策扶持：补贴政策与统防统治推动设备普及。</li><li>技术进步：定位、避障、变量喷洒等技术成熟，作业更可靠。</li><li>劳动力变化：农村劳动力转移使高效机械化植保需求上升。</li></ul><h3>四、带动行业人才需求</h3><p>产业规模的扩大，催生了对专业植保飞手的大量需求。设备的高效运行离不开懂操控、懂农艺、懂安全的专业人才，飞手培训与职业认证迎来发展机遇。农业无人机培训机构应抓住行业窗口期，提升培训质量，输送合格人才，助推农业现代化进程。</p>',
'系统管理员',
734,
'2025-10-30 16:00:00',
1
),
(
'植保无人飞机在水稻小麦统防统治中应用成效显著',
'NEWS',
NULL,
'在水稻、小麦等主粮作物的统防统治中，植保无人飞机展现出高效、精准、省工的突出优势，有效提升了病虫害防治效率与防治质量，成为现代粮食生产的重要技术支撑。',
'<p>在水稻、小麦等主要粮食作物的病虫害统防统治中，植保无人飞机的应用成效日益显著。其高效、精准、省工的特点，有力提升了防治效率与质量，为保障粮食安全提供了坚实的技术支撑。</p><h3>一、作业效率大幅提升</h3><p>植保无人飞机单架次可在短时间内完成大面积喷施，作业效率远高于人工背负式喷雾。在病虫害集中暴发期，无人机能够快速响应、抢抓防治窗口，实现及时防控，避免因防治不及时造成产量损失。</p><h3>二、防治质量明显改善</h3><p>借助卫星定位与航线规划，植保无人飞机可实现均匀、连续施药，雾滴在作物冠层的沉积更加均匀。旋翼下压气流有助于药液穿透冠层，提升对中下部病虫害的防治效果。</p><h3>三、节本省工与安全</h3><ul><li>减少人工投入，降低劳动强度与用工成本。</li><li>低容量喷雾节约用水用药，符合减量增效要求。</li><li>人药分离作业，减少操作人员农药接触风险。</li></ul><h3>四、典型应用场景</h3><p>在南方水稻产区，无人机被广泛用于防治稻飞虱、稻纵卷叶螟、纹枯病等；在北方麦区，则用于小麦赤霉病、蚜虫、条锈病的统一防治。统防统治模式下，专业服务组织运用无人机机队开展规模化作业，显著提升了区域整体防治水平。</p><p>实践证明，植保无人飞机已成为主粮作物统防统治不可或缺的利器，其应用前景广阔，对培养专业飞手提出了更高要求。</p>',
'系统管理员',
587,
'2025-11-06 09:45:00',
1
),
(
'无人机操作员纳入国家新职业 农业飞手迎职业发展机遇',
'NEWS',
NULL,
'无人驾驶航空器相关操作与装调检修职业已纳入国家职业序列，农业植保飞手的职业身份与发展通道日益清晰。本文解读新职业的设立意义及其对农业无人机人才培养的影响。',
'<p>随着无人机产业的蓬勃发展，与无人驾驶航空器相关的操作、装调检修等职业先后被纳入国家职业分类目录，成为正式认可的新职业。这一变化为包括农业植保飞手在内的从业者带来了清晰的职业身份与广阔的发展前景。</p><h3>一、新职业设立的背景</h3><p>无人机已广泛应用于农业植保、航空摄影、巡检测绘、物流运输等众多领域，相关岗位用人需求快速增长。将无人驾驶航空器操作等职业纳入国家职业序列，是对产业发展与社会需求的积极回应，有利于规范行业、提升从业人员素质。</p><h3>二、对农业飞手的意义</h3><ul><li>职业身份明确：植保飞手不再是临时工种，而是受认可的专业职业。</li><li>发展通道畅通：可通过职业技能等级评价不断提升专业水平。</li><li>社会认同提升：职业地位与待遇有望随专业化水平提升而改善。</li></ul><h3>三、技能要求</h3><p>作为专业职业，农业无人机操作员需掌握飞行操控、航线规划、设备维护、应急处置等核心技能，同时应具备农药安全使用、农艺知识与法规意识。这要求从业者接受系统培训并通过相应考核。</p><h3>四、对培训的推动</h3><p>新职业的设立，使规范化培训与技能等级评价成为人才成长的重要环节。农业无人机培训机构应对接职业标准，完善课程体系，强化实操训练，帮助学员取得相应资质，推动农业飞手队伍向专业化、规范化、职业化方向发展。</p>',
'系统管理员',
695,
'2025-11-14 10:20:00',
1
);
USE agri_drone_training;

INSERT INTO no_fly_zone (name, province, city, longitude, latitude, radius, level, description) VALUES ('北京首都国际机场', '北京市', '北京市', 116.597504, 40.072499, 8000, 'STRICT', '机场净空保护区，区域内严禁任何无人机起降与飞行，违者依法查处。');
INSERT INTO no_fly_zone (name, province, city, longitude, latitude, radius, level, description) VALUES ('北京大兴国际机场', '北京市', '北京市', 116.410880, 39.509167, 9000, 'STRICT', '机场净空保护区，禁止一切无人机活动，确保民航航班安全起降。');
INSERT INTO no_fly_zone (name, province, city, longitude, latitude, radius, level, description) VALUES ('上海浦东国际机场', '上海市', '上海市', 121.805214, 31.142363, 9000, 'STRICT', '机场净空保护区，严禁任何无人机飞行，违规将影响航班安全运行。');
INSERT INTO no_fly_zone (name, province, city, longitude, latitude, radius, level, description) VALUES ('上海虹桥国际机场', '上海市', '上海市', 121.336310, 31.198056, 8000, 'STRICT', '机场净空保护区，禁止无人机起降及穿越，保障繁忙空域安全。');
INSERT INTO no_fly_zone (name, province, city, longitude, latitude, radius, level, description) VALUES ('广州白云国际机场', '广东省', '广州市', 113.298786, 23.392436, 9000, 'STRICT', '机场净空保护区，区域内全面禁飞，严禁任何无人机靠近航道。');
INSERT INTO no_fly_zone (name, province, city, longitude, latitude, radius, level, description) VALUES ('深圳宝安国际机场', '广东省', '深圳市', 113.810664, 22.639279, 8000, 'STRICT', '机场净空保护区，严禁无人机飞行，确保航班起降绝对安全。');
INSERT INTO no_fly_zone (name, province, city, longitude, latitude, radius, level, description) VALUES ('成都双流国际机场', '四川省', '成都市', 103.955383, 30.578528, 8000, 'STRICT', '机场净空保护区，禁止任何无人机活动，保护民航飞行安全。');
INSERT INTO no_fly_zone (name, province, city, longitude, latitude, radius, level, description) VALUES ('重庆江北国际机场', '重庆市', '重庆市', 106.638023, 29.719279, 8000, 'STRICT', '机场净空保护区，严禁无人机进入飞行，违者依法依规处理。');
INSERT INTO no_fly_zone (name, province, city, longitude, latitude, radius, level, description) VALUES ('西安咸阳国际机场', '陕西省', '西安市', 108.751592, 34.447119, 8000, 'STRICT', '机场净空保护区，区域内禁止一切无人机起降与穿越飞行。');
INSERT INTO no_fly_zone (name, province, city, longitude, latitude, radius, level, description) VALUES ('杭州萧山国际机场', '浙江省', '杭州市', 120.434453, 30.234191, 8000, 'STRICT', '机场净空保护区，严禁任何无人机飞行，保障航班安全运行。');
INSERT INTO no_fly_zone (name, province, city, longitude, latitude, radius, level, description) VALUES ('武汉天河国际机场', '湖北省', '武汉市', 114.207375, 30.776906, 8000, 'STRICT', '机场净空保护区，禁止无人机进入该空域，确保民航起降安全。');
INSERT INTO no_fly_zone (name, province, city, longitude, latitude, radius, level, description) VALUES ('郑州新郑国际机场', '河南省', '郑州市', 113.842562, 34.524739, 8000, 'STRICT', '机场净空保护区，区域内全面禁飞，严禁无人机靠近跑道航道。');
INSERT INTO no_fly_zone (name, province, city, longitude, latitude, radius, level, description) VALUES ('珠海金湾机场', '广东省', '珠海市', 113.375825, 22.011580, 7000, 'STRICT', '机场净空保护区，严禁任何无人机飞行，保障航班安全起降。');
INSERT INTO no_fly_zone (name, province, city, longitude, latitude, radius, level, description) VALUES ('北京天安门重点区域', '北京市', '北京市', 116.397455, 39.908823, 3000, 'STRICT', '城市核心重点保护区域，禁止任何无人机飞行，属永久禁飞范围。');
INSERT INTO no_fly_zone (name, province, city, longitude, latitude, radius, level, description) VALUES ('上海陆家嘴金融城限飞区', '上海市', '上海市', 121.505220, 31.245480, 4000, 'LIMIT', '城市中心人口密集限飞区，无人机飞行须提前申报并经批准方可执行。');
INSERT INTO no_fly_zone (name, province, city, longitude, latitude, radius, level, description) VALUES ('某军事管理区周边限飞区', '河北省', '保定市', 115.464589, 38.873891, 5000, 'LIMIT', '军事管理区周边限飞区域，无人机活动须依法申报审批后方可飞行。');
USE agri_drone_training;

-- =============================================================
--  13 植保知识库: 作物图谱 (crop_atlas) + 农药配比方案 (pesticide_ratio)
-- =============================================================

-- 作物图谱 18 种
INSERT INTO crop_atlas (crop_name, category, growth_cycle, common_pests, description) VALUES
('水稻', '粮食作物', '约120至150天', '稻飞虱、稻纵卷叶螟、二化螟、纹枯病、稻瘟病', '水稻飞防作业飞行高度建议距冠层1.5至2.5米，亩喷液量1至1.5升，下压风场可使药液穿透至中下部茎叶。关键防治期为分蘖末期至孕穗破口期，重点防治稻飞虱与稻纵卷叶螟。宜在清晨或傍晚气温低、风速小于3米每秒时作业，避开正午高温与扬花授粉时段，杀虫剂应交替轮换以延缓抗性。'),
('小麦', '粮食作物', '约230天（冬小麦）', '小麦蚜虫、白粉病、赤霉病、条锈病、麦红蜘蛛', '小麦飞防高度宜距冠层1.5至2米，亩喷液量1至1.5升。抽穗扬花期是赤霉病防治关键窗口，需抢在初花期一次施药、雨前抢喷。穗期可一喷三防（杀菌、杀虫、叶面肥）兼治蚜虫与锈病。作业宜选无风或微风晴天上午，避开扬花高峰与降雨前后，添加飞防助剂增强叶面附着。'),
('玉米', '粮食作物', '约90至120天', '玉米螟、草地贪夜蛾、蚜虫、大斑病、粘虫', '玉米中后期植株高大，飞防优势明显，飞行高度距冠层2至3米，亩喷液量1.5至2升。草地贪夜蛾应在低龄幼虫期靶向喷洒喇叭口与心叶部位，于傍晚或清晨幼虫取食活跃时施药效果佳。大喇叭口期是防治玉米螟的关键时期，注意杀虫剂轮换使用以延缓抗药性。'),
('马铃薯', '粮食作物', '约90至120天', '晚疫病、马铃薯甲虫、蚜虫、早疫病、地下害虫', '马铃薯飞防高度距冠层1.5至2米，亩喷液量1.5至2升。晚疫病是毁灭性病害，应在现蕾封垄期预防性施药，遇连阴雨低温高湿天气须缩短间隔抢喷保护性杀菌剂。作业宜在露水干后、无雨晴朗时段进行，保护剂与治疗剂交替使用，确保叶片正反面均匀着药。'),
('棉花', '经济作物', '约150天', '棉铃虫、棉蚜、棉叶螨、烟粉虱、盲蝽', '棉花飞防高度距冠层1.5至2.5米，亩喷液量1至1.5升。蕾铃期是棉铃虫防治关键，应在卵孵盛期至低龄幼虫期用药。后期可结合脱叶催熟剂飞防，需保证雾滴均匀覆盖中下部。宜在清晨或傍晚作业，高温干旱时棉叶螨易暴发，应及时挑治并轮换杀螨剂以防抗性。'),
('油菜', '经济作物', '约200天（冬油菜）', '菌核病、蚜虫、霜霉病、跳甲、潜叶蝇', '油菜飞防高度距冠层1.5至2米，亩喷液量1至1.5升。菌核病防治关键期为盛花期，应在主茎开花株率达80%时施药，重点喷布中下部茎秆与老叶。蕾薹至初花期兼治蚜虫。作业避开蜜蜂采蜜高峰时段以保护授粉昆虫，宜选无风晴天，花期施药尤需注意减少药害与对传粉昆虫影响。'),
('花生', '经济作物', '约120至150天', '花生叶斑病、蚜虫、棉铃虫、蛴螬、锈病', '花生飞防高度距冠层1.5至2米，亩喷液量1至1.5升。叶斑病（褐斑病与黑斑病）在结荚期高温高湿易流行，应于发病初期施保护性杀菌剂并隔7至10天连喷。地下蛴螬危害严重，飞防难以触及，需配合根部撒施颗粒剂。宜清晨露水干后或傍晚作业，添加助剂提高雾滴附着。'),
('大豆', '经济作物', '约100至130天', '大豆食心虫、蚜虫、豆荚螟、霜霉病、点蜂缘蝽', '大豆飞防高度距冠层1.5至2米，亩喷液量1至1.5升。食心虫应在成虫羽化盛期至产卵初期施药，鼓粒期前防治效果最佳。蚜虫与点蜂缘蝽在结荚期需重点监测。作业宜在傍晚成虫活动期进行，避开正午高温与花期，杀虫剂注意轮换，添加飞防专用助剂增强渗透与抗蒸发。'),
('甘蔗', '经济作物', '多年生（宿根）', '甘蔗螟虫、蓟马、绵蚜、凤梨病、黑穗病', '甘蔗植株高大，飞防作业优势突出，飞行高度距冠层2.5至3.5米，亩喷液量2至3升。螟虫应在卵孵盛期施药，分蘖至伸长期是防治关键，可结合赤眼蜂生物防治。蓟马在苗期心叶危害重，需靶向喷洒。宜在清晨或傍晚作业，注意叶片密集需加大喷液量保证穿透与覆盖。'),
('柑橘', '果树', '多年生', '柑橘红蜘蛛、潜叶蛾、蚧壳虫、炭疽病、溃疡病', '柑橘飞防采用低速低高度果树喷洒，飞行高度距树冠1至2米，亩喷液量3至5升以保证茂密树冠的内膛着药。红蜘蛛春梢期与秋季易暴发，应挑治并轮换杀螨剂。新梢抽发期防潜叶蛾。溃疡病在台风暴雨后及新梢期喷铜制剂保护。宜无风时段作业，避开高温与开花期以保护蜜蜂。'),
('苹果', '果树', '多年生', '苹果红蜘蛛、桃小食心虫、蚜虫、轮纹病、斑点落叶病', '苹果飞防低速低高度果树喷洒，距树冠1至2米，亩喷液量3至5升。花后至套袋前是病虫害防治关键期，重点防斑点落叶病与红蜘蛛。桃小食心虫应在卵果率达1%时施药。谢花后开始全程保护性杀菌防轮病。宜选无风晴天，避开盛花期施药以保护授粉，雨季前后注意抢喷保护剂。'),
('葡萄', '果树', '多年生', '霜霉病、白粉病、灰霉病、葡萄透翅蛾、绿盲蝽', '葡萄飞防距冠层1至2米，亩喷液量3至4升，需保证叶片背面着药。霜霉病在多雨高湿季节流行迅速，应于发病前预防性施保护剂，发病后改用内吸治疗剂并缩短间隔。花前花后是绿盲蝽与灰霉病防治关键。宜无风晴朗时段作业，避开花期，杀菌剂多作用机理交替使用以防抗性。'),
('香蕉', '果树', '约300至365天', '香蕉叶斑病、香蕉象甲、蓟马、束顶病、炭疽病', '香蕉植株高大叶片宽阔，飞防优势显著，飞行高度距冠层2.5至3.5米，亩喷液量3至5升。叶斑病（黑星病与黄条叶斑病）在高温高湿雨季流行，需在新叶期预防性连续施药并轮换药剂。蓟马危害幼果影响果面。宜清晨或傍晚无风时作业，确保心叶与叶背均匀着药，雨季缩短施药间隔。'),
('芒果', '果树', '多年生', '芒果炭疽病、横线尾夜蛾、蓟马、白粉病、果实蝇', '芒果飞防低速低高度果树喷洒，距树冠1.5至2.5米，亩喷液量3至5升。炭疽病在花期与幼果期高湿条件下高发，应于花序抽生期至坐果期保护性连喷。白粉病在花期威胁坐果。果实蝇需结合诱杀。宜在无风清晨作业，花期施药须慎选低毒药剂并避开蜜蜂活动高峰，确保花序均匀着药。'),
('番茄', '蔬菜', '约90至120天', '番茄晚疫病、烟粉虱、棉铃虫、灰霉病、病毒病', '番茄飞防高度距冠层1至1.5米，亩喷液量1.5至2升。晚疫病在低温高湿连阴雨时暴发迅速，应预防为主、发病初期抢喷保护与治疗复配剂。烟粉虱传播病毒病，需早期防控并轮换药剂。灰霉病在棚室高湿易发。宜露水干后无风时作业，注意叶背与果面着药，设施内作业兼顾通风降湿。'),
('辣椒', '蔬菜', '约100至130天', '辣椒疫病、蚜虫、烟粉虱、炭疽病、蓟马', '辣椒飞防高度距冠层1至1.5米，亩喷液量1.5至2升。疫病为高温高湿期毁灭性病害，雨后及时施保护剂并配合排水降湿。蚜虫与烟粉虱传播病毒病，应苗期早防。炭疽病在果实成熟期易发，需于发病初期连喷。宜清晨或傍晚作业避开高温，杀菌剂保护剂与内吸剂交替使用以延缓抗性发展。'),
('茶叶', '其他', '多年生', '茶小绿叶蝉、茶尺蠖、茶毛虫、茶橙瘿螨、茶炭疽病', '茶叶飞防距蓬面0.5至1.5米，亩喷液量2至3升，需保证蓬面与叶背均匀着药。茶小绿叶蝉是首要害虫，应在若虫高峰期施药，优先选用低毒低残留生物农药。采摘期须严格遵守安全间隔期保障茶叶质量安全。宜清晨露水干后无风时作业，避开采摘前，杀虫剂轮换使用，严禁使用禁限用农药。'),
('烟草', '其他', '约120天', '烟青虫、烟蚜、烟草赤星病、青枯病、花叶病', '烟草飞防高度距冠层1.5至2米，亩喷液量1.5至2升。赤星病在成熟采收期高温高湿条件下流行，应于下部叶片发病初期施药并自下而上保护。烟蚜传播花叶病毒病，需团棵期早防并轮换药剂。烟青虫在打顶后蛀食心叶，应及时挑治。宜清晨或傍晚作业，采收期严格执行安全间隔期，确保烟叶品质与残留合格。');

-- 农药配比方案 30 条
INSERT INTO pesticide_ratio (pesticide_name, crop_name, pest_name, dosage, water_ratio, spray_method, safety_interval, notes) VALUES
('25%吡蚜酮悬浮剂', '水稻', '稻飞虱', '20至30克每亩', '亩喷液量1至1.5升，需先二次稀释', '低空均匀喷洒', '14天', '于若虫高峰期施药，与噻虫嗪等不同机理药剂轮换使用以延缓抗性，避开正午高温与扬花期，添加飞防助剂增强穿透。'),
('5%甲氨基阿维菌素苯甲酸盐水分散粒剂', '水稻', '稻纵卷叶螟', '8至10克每亩', '亩喷液量1至1.5升', '低空均匀喷洒', '14天', '在低龄幼虫卷叶前施药效果最佳，宜傍晚作业避免光解，与氯虫苯甲酰胺等轮换使用，二次稀释充分混匀。'),
('20%三环唑可湿性粉剂', '水稻', '稻瘟病', '75至100克每亩', '亩喷液量1.5升', '低空均匀喷洒', '21天', '于破口前5至7天预防性施药保护穗颈，叶瘟发病初期补喷，宜无风时段作业，雨前抢喷提高保护效果。'),
('井冈霉素A', '水稻', '纹枯病', '10至15克每亩（折纯）', '亩喷液量1.5升', '低空均匀喷洒，加大下部着药', '14天', '分蘖末期至孕穗期病株率达标时施药，重点喷布植株中下部，高温高湿期可缩短间隔连喷，注意药液穿透。'),
('10%吡虫啉可湿性粉剂', '小麦', '小麦蚜虫', '20至30克每亩', '亩喷液量1至1.5升', '低空均匀喷洒', '14天', '穗期蚜量达标时施药，可结合一喷三防，与抗蚜威或啶虫脒轮换，避开扬花高峰，添加助剂提高附着。'),
('430克每升戊唑醇悬浮剂', '小麦', '赤霉病', '15至20毫升每亩', '亩喷液量1.5升', '低空均匀喷洒', '28天', '抢在小麦初花期首次施药、间隔7天再喷，雨前抢喷穗部，与氰烯菌酯等复配轮换以兼顾抗性与降毒素。'),
('25%三唑酮可湿性粉剂', '小麦', '白粉病', '30至40克每亩', '亩喷液量1至1.5升', '低空均匀喷洒', '20天', '发病初期施药，重点喷布中下部叶片，与氟环唑等不同机理杀菌剂轮换，避开高温强光时段以防药害。'),
('200克每升氯虫苯甲酰胺悬浮剂', '玉米', '草地贪夜蛾', '10至15毫升每亩', '亩喷液量1.5至2升', '靶向喷洒喇叭口与心叶', '21天', '抓住低龄幼虫期傍晚施药，靶向喇叭口与心叶，与乙基多杀菌素轮换，二次稀释，避免与碱性农药混用。'),
('苏云金杆菌Bt', '玉米', '玉米螟', '100至150克每亩', '亩喷液量1.5至2升', '靶向喷洒喇叭口', '采收期可用', '大喇叭口期低龄幼虫期施用，宜傍晚或阴天作业避免紫外失活，不可与杀菌剂及碱性药剂混用，现配现用。'),
('250克每升嘧菌酯悬浮剂', '马铃薯', '晚疫病', '40至60毫升每亩', '亩喷液量1.5至2升', '低空均匀喷洒', '14天', '现蕾封垄期预防性施药，连阴雨高湿期缩短间隔，与代森锰锌等保护剂交替，确保叶背着药，雨前抢喷。'),
('80%代森锰锌可湿性粉剂', '马铃薯', '早疫病', '120至150克每亩', '亩喷液量1.5至2升', '低空均匀喷洒', '14天', '发病前作保护性施药，与内吸治疗剂交替使用，均匀覆盖叶片正反面，高温时段避免施药以防药害。'),
('5%甲氨基阿维菌素苯甲酸盐水分散粒剂', '棉花', '棉铃虫', '10至15克每亩', '亩喷液量1至1.5升', '低空均匀喷洒', '14天', '卵孵盛期至低龄幼虫期施药，重点喷蕾铃部位，与茚虫威等轮换，傍晚作业减少光解，二次稀释充分。'),
('22%螺虫乙酯悬浮剂', '棉花', '棉蚜', '15至20毫升每亩', '亩喷液量1至1.5升', '低空均匀喷洒', '21天', '蚜虫发生初期施药，内吸传导性好，与吡虫啉等轮换延缓抗性，避开高温干旱正午，添加助剂增效。'),
('43%联苯肼酯悬浮剂', '棉花', '棉叶螨', '15至20毫升每亩', '亩喷液量1.5升', '低空均匀喷洒，注意叶背', '21天', '螨点零星时挑治，重点喷叶背，与乙螨唑等不同机理杀螨剂轮换，高温干旱期及时防控防止扩散蔓延。'),
('40%菌核净可湿性粉剂', '油菜', '菌核病', '100至150克每亩', '亩喷液量1至1.5升', '低空均匀喷洒中下部', '28天', '盛花期主茎开花株率达80%时施药，重点喷中下部茎秆与老叶，避开蜜蜂采蜜高峰，必要时隔7天再喷一次。'),
('3%啶虫脒乳油', '油菜', '蚜虫', '30至40毫升每亩', '亩喷液量1至1.5升', '低空均匀喷洒', '14天', '蕾薹至初花期蚜量达标时施药，避开蜜蜂活动时段以保护授粉昆虫，与吡虫啉轮换使用，添加飞防助剂。'),
('250克每升丙环唑乳油', '花生', '叶斑病', '30至40毫升每亩', '亩喷液量1至1.5升', '低空均匀喷洒', '21天', '结荚期发病初期施药，隔7至10天连喷2至3次，与苯醚甲环唑等轮换，均匀着药，避开高温强光时段。'),
('70%吡虫啉水分散粒剂', '花生', '蚜虫', '4至6克每亩', '亩喷液量1至1.5升', '低空均匀喷洒', '14天', '苗期至开花期蚜虫发生初期施药，内吸性强，与啶虫脒轮换防抗性，二次稀释，避开正午高温作业。'),
('20%氯虫苯甲酰胺悬浮剂', '大豆', '食心虫', '8至10毫升每亩', '亩喷液量1至1.5升', '低空均匀喷洒', '14天', '成虫羽化盛期至产卵初期施药，鼓粒前防治最佳，傍晚作业，与甲维盐轮换，避免与强碱性农药混用。'),
('25%噻虫嗪水分散粒剂', '大豆', '蚜虫', '6至10克每亩', '亩喷液量1至1.5升', '低空均匀喷洒', '14天', '结荚期蚜虫发生初期施药，内吸传导，与抗蚜威轮换延缓抗性，避开花期蜜蜂活动高峰，添加助剂增效。'),
('20%氯虫苯甲酰胺悬浮剂', '甘蔗', '螟虫', '10至15毫升每亩', '亩喷液量2至3升', '低空均匀喷洒，加大穿透', '21天', '卵孵盛期施药，分蘖至伸长期为关键，可结合赤眼蜂生物防治，叶片密集需加大喷液量保证内膛着药。'),
('25%噻虫嗪水分散粒剂', '甘蔗', '蓟马', '8至12克每亩', '亩喷液量2至3升', '靶向喷洒心叶', '21天', '苗期心叶蓟马危害初期施药，重点喷心叶，与乙基多杀菌素轮换，宜清晨或傍晚作业，二次稀释充分混匀。'),
('5%阿维菌素乳油', '柑橘', '红蜘蛛', '稀释3000至4000倍', '亩喷液量3至5升', '低速低高度果树喷洒，注意内膛', '14天', '春梢期与秋季螨点零星时挑治，重点喷叶背与内膛，与乙螨唑等轮换防抗性，无风时作业，确保茂密树冠着药。'),
('25%灭幼脲悬浮剂', '柑橘', '潜叶蛾', '稀释1500至2000倍', '亩喷液量3至5升', '低速低高度果树喷洒', '21天', '新梢抽发3至5毫米时施药保护嫩梢，隔7至10天连喷，与阿维菌素轮换，无风时段作业避免飘移。'),
('10%苯醚甲环唑水分散粒剂', '苹果', '斑点落叶病', '稀释2000至2500倍', '亩喷液量3至5升', '低速低高度果树喷洒', '21天', '花后至套袋前发病初期施药，与多抗霉素等轮换，均匀喷布树冠内外，避开盛花期，雨前抢喷保护。'),
('2.5%高效氯氟氰菊酯水乳剂', '苹果', '桃小食心虫', '稀释1500至2000倍', '亩喷液量3至5升', '低速低高度果树喷洒', '21天', '卵果率达1%时施药，重点喷果面与树冠，与甲维盐轮换，避开盛花期以保护蜜蜂，无风晴天作业。'),
('687.5克每升氟菌霜霉威悬浮剂', '葡萄', '霜霉病', '60至75毫升每亩', '亩喷液量3至4升', '低速低高度果树喷洒，注意叶背', '21天', '发病前预防性施保护剂，发病后改内吸治疗剂并缩短间隔，多机理交替防抗性，确保叶背着药，避开花期。'),
('50%啶酰菌胺水分散粒剂', '番茄', '灰霉病', '30至45克每亩', '亩喷液量1.5至2升', '低空均匀喷洒', '7天', '发病初期施药，棚室注意通风降湿，与嘧霉胺等不同机理轮换防抗性，露水干后作业，叶背果面均匀着药。'),
('10%溴氰虫酰胺可分散油悬浮剂', '辣椒', '烟粉虱', '30至40毫升每亩', '亩喷液量1.5至2升', '低空均匀喷洒，注意叶背', '5天', '苗期至发生初期早防，重点喷叶背成虫若虫，与噻虫嗪轮换防抗性，避开高温正午，添加助剂提高黏附。'),
('24%虫螨腈悬浮剂', '茶叶', '茶小绿叶蝉', '20至30毫升每亩', '亩喷液量2至3升', '低空均匀喷洒蓬面', '10天', '若虫高峰期施药，优先低毒低残留药剂，严格遵守采摘安全间隔期，与茚虫威轮换，严禁使用禁限用农药。');
USE agri_drone_training;

INSERT INTO question (id, type, category, content, options, answer, analysis, difficulty, score) VALUES
(1, 'SINGLE', '法规', '根据《无人驾驶航空器飞行管理暂行条例》，微型民用无人驾驶航空器是指空机重量小于多少的无人机？', '[{"key":"A","value":"0.25千克"},{"key":"B","value":"1.5千克"},{"key":"C","value":"4千克"},{"key":"D","value":"7千克"}]', 'A', '条例按空机重量与最大起飞重量分类，微型指空机重量小于0.25千克的无人机，其管理要求最为宽松。', 1, 5),
(2, 'SINGLE', '法规', '《无人驾驶航空器飞行管理暂行条例》自何时起正式施行？', '[{"key":"A","value":"2022年1月1日"},{"key":"B","value":"2023年6月1日"},{"key":"C","value":"2024年1月1日"},{"key":"D","value":"2025年1月1日"}]', 'C', '该条例由国务院、中央军委公布，自2024年1月1日起施行，是我国首部专门规范无人机飞行的行政法规。', 1, 5),
(3, 'SINGLE', '法规', '根据现行规定，轻型无人机在适飞空域内飞行的真高一般不得超过多少米？', '[{"key":"A","value":"50米"},{"key":"B","value":"100米"},{"key":"C","value":"120米"},{"key":"D","value":"150米"}]', 'C', '在适飞空域内，轻型无人机通常应在真高120米以下飞行，超出需依法申请并获得批准。', 2, 5),
(4, 'JUDGE', '法规', '从事飞行活动的单位和个人，必须依法对所拥有的民用无人驾驶航空器进行实名登记并标注登记识别标志。', '[{"key":"T","value":"正确"},{"key":"F","value":"错误"}]', 'T', '实名登记是条例确立的基本制度，未经实名登记不得开展飞行活动，是农业植保合规作业的前提。', 1, 5),
(5, 'SINGLE', '法规', '操控小型、中型、大型民用无人驾驶航空器飞行的人员，应当依法取得何种资质？', '[{"key":"A","value":"健康证"},{"key":"B","value":"操控员执照"},{"key":"C","value":"驾驶证"},{"key":"D","value":"安全员证"}]', 'B', '条例规定操控小型及以上民用无人驾驶航空器的人员应取得相应等级的操控员执照，方可上岗作业。', 2, 5),
(6, 'MULTI', '法规', '下列哪些属于《无人驾驶航空器飞行管理暂行条例》确立的基本管理制度？', '[{"key":"A","value":"分类管理制度"},{"key":"B","value":"实名登记制度"},{"key":"C","value":"操控员执照制度"},{"key":"D","value":"空域飞行活动申请制度"}]', 'A,B,C,D', '条例以分类管理为基础，配套实名登记、操控员执照、空域飞行活动申请等制度，构成完整的合规管理体系。', 2, 10),
(7, 'JUDGE', '法规', '从事经营性的农业植保无人机飞行活动，无需取得任何经营许可即可作业。', '[{"key":"T","value":"正确"},{"key":"F","value":"错误"}]', 'F', '从事经营性飞行活动应依法取得相应的经营许可，未取得许可擅自经营属违规行为。', 2, 5),

(8, 'SINGLE', '安全', '农业植保无人机作业前安全检查中，下列哪项检查最为关键以防止飞行中失控？', '[{"key":"A","value":"喷头颜色是否一致"},{"key":"B","value":"桨叶有无裂纹与紧固情况"},{"key":"C","value":"机身贴纸是否完整"},{"key":"D","value":"药箱品牌是否统一"}]', 'B', '桨叶裂纹或松动在高速旋转下极易断裂导致炸机失控，飞前必须重点检查桨叶完好与紧固状态。', 1, 5),
(9, 'JUDGE', '安全', '在机场净空保护区与禁飞区内，未经批准严禁开展任何农业植保无人机飞行作业。', '[{"key":"T","value":"正确"},{"key":"F","value":"错误"}]', 'T', '机场净空区及禁飞区直接关系航空安全，未经批准飞行属严重违法行为并危及公共安全。', 1, 5),
(10, 'MULTI', '安全', '农业植保无人机飞行前安全检查应包括下列哪些项目？', '[{"key":"A","value":"电池电量与电压"},{"key":"B","value":"桨叶与电机状态"},{"key":"C","value":"GPS与RTK信号质量"},{"key":"D","value":"喷洒系统与药箱密封"}]', 'A,B,C,D', '飞前检查应覆盖动力、动力部件、定位信号与喷洒系统，任一项异常都可能导致作业失败或安全事故。', 2, 10),
(11, 'SINGLE', '安全', '植保无人机作业时，操作人员与作业区域应保持安全距离，主要目的是防止？', '[{"key":"A","value":"药液飘移与桨叶伤人"},{"key":"B","value":"信号过强"},{"key":"C","value":"电池过热"},{"key":"D","value":"飞行速度过快"}]', 'A', '保持安全距离可避免高速桨叶意外伤人，并减少操作人员吸入飘移药液造成的健康危害。', 1, 5),
(12, 'SINGLE', '安全', '发现无人机出现失控征兆且无法恢复时，正确的应急处置是？', '[{"key":"A","value":"继续作业观察"},{"key":"B","value":"立即切换至返航或迫降并疏散人员"},{"key":"C","value":"加大油门拉升"},{"key":"D","value":"关闭遥控器电源"}]', 'B', '失控时应立即触发返航或迫降并疏散下方人员，避免飞行器坠落伤人；盲目操作会扩大风险。', 2, 5),
(13, 'JUDGE', '安全', '配制和喷洒农药时，操作人员可以不佩戴口罩和防护手套以提高作业效率。', '[{"key":"T","value":"正确"},{"key":"F","value":"错误"}]', 'F', '农药具有毒性，配药与作业必须佩戴口罩、手套等防护用品，防止经皮肤和呼吸道中毒。', 1, 5),
(14, 'MULTI', '安全', '下列哪些情形应当立即停止植保无人机作业？', '[{"key":"A","value":"风速超过作业上限"},{"key":"B","value":"雷雨大风等恶劣天气来临"},{"key":"C","value":"电池电量低于安全阈值"},{"key":"D","value":"作业区出现人员或畜禽进入"}]', 'A,B,C,D', '超风速、恶劣天气、低电量及人畜进入作业区都会显著增加事故与药害风险，应立即停止作业。', 2, 10),

(15, 'SINGLE', '植保技术', '农药使用中的二次稀释法的主要作用是？', '[{"key":"A","value":"提高药液温度"},{"key":"B","value":"使药剂在水中分散更均匀避免堵塞喷头"},{"key":"C","value":"增加药液颜色"},{"key":"D","value":"延长药剂保质期"}]', 'B', '二次稀释先配母液再定容，可使药剂充分溶解分散均匀，提高药效并防止喷头堵塞。', 2, 5),
(16, 'SINGLE', '植保技术', '防治水稻稻飞虱，下列哪类药剂较为对症？', '[{"key":"A","value":"吡蚜酮等"},{"key":"B","value":"草甘膦"},{"key":"C","value":"多菌灵"},{"key":"D","value":"乙烯利"}]', 'A', '稻飞虱为刺吸式害虫，吡蚜酮等对刺吸口器害虫高效，草甘膦为除草剂、多菌灵为杀菌剂均不对症。', 2, 5),
(17, 'SINGLE', '植保技术', '防治稻瘟病应优先选用下列哪类药剂？', '[{"key":"A","value":"杀虫剂"},{"key":"B","value":"三环唑等杀菌剂"},{"key":"C","value":"除草剂"},{"key":"D","value":"植物生长调节剂"}]', 'B', '稻瘟病为真菌性病害，三环唑、稻瘟灵等杀菌剂对症有效，杀虫剂与除草剂无防治作用。', 2, 5),
(18, 'JUDGE', '植保技术', '长期单一使用同一种农药容易使病虫产生抗药性，应实行不同作用机理药剂的轮换使用。', '[{"key":"T","value":"正确"},{"key":"F","value":"错误"}]', 'T', '抗性治理要求轮换使用不同作用机理的药剂，避免病虫对单一药剂产生抗药性而导致防效下降。', 1, 5),
(19, 'SINGLE', '植保技术', '防治果树红蜘蛛（叶螨）应选用下列哪类药剂？', '[{"key":"A","value":"专用杀螨剂如阿维菌素等"},{"key":"B","value":"草甘膦"},{"key":"C","value":"尿素"},{"key":"D","value":"赤霉素"}]', 'A', '红蜘蛛属叶螨，应使用阿维菌素、螺螨酯等专用杀螨剂；普通杀虫剂对螨类防效有限。', 2, 5),
(20, 'MULTI', '植保技术', '关于农药科学使用，下列说法正确的有？', '[{"key":"A","value":"采用二次稀释法配药"},{"key":"B","value":"轮换不同作用机理药剂防抗性"},{"key":"C","value":"按标签推荐剂量施用"},{"key":"D","value":"对症选药并注意安全间隔期"}]', 'A,B,C,D', '科学用药要求二次稀释、对症选药、按推荐剂量施用、轮换药剂并遵守安全间隔期，保障防效与安全。', 3, 10),
(21, 'JUDGE', '植保技术', '蚜虫属于刺吸式口器害虫，可选用吡虫啉等内吸性杀虫剂进行防治。', '[{"key":"T","value":"正确"},{"key":"F","value":"错误"}]', 'T', '蚜虫为刺吸式害虫，吡虫啉等内吸性杀虫剂可被植株吸收传导，对蚜虫防治效果良好。', 1, 5),

(22, 'SINGLE', '飞行操作', '植保无人机喷洒作业中，航线之间的喷幅重叠率一般控制在多少较为合理？', '[{"key":"A","value":"0%"},{"key":"B","value":"10%至30%"},{"key":"C","value":"60%以上"},{"key":"D","value":"90%以上"}]', 'B', '适当的航线重叠率一般为10%至30%，可避免漏喷与重喷，保证雾滴覆盖均匀。', 2, 5),
(23, 'SINGLE', '飞行操作', 'RTK定位相比普通GPS在植保作业中的主要优势是？', '[{"key":"A","value":"提高定位精度至厘米级实现精准航线"},{"key":"B","value":"增大药箱容量"},{"key":"C","value":"提高电池容量"},{"key":"D","value":"加快旋翼转速"}]', 'A', 'RTK通过差分定位将精度提升至厘米级，使植保航线规划与重复作业更精准，减少漏喷重喷。', 2, 5),
(24, 'JUDGE', '飞行操作', '植保无人机起飞前应确保GPS或RTK信号稳定、卫星数量充足，否则不应贸然起飞作业。', '[{"key":"T","value":"正确"},{"key":"F","value":"错误"}]', 'T', '定位信号不稳会导致航线偏移甚至飞行器漂移失控，起飞前必须确认信号与卫星数充足。', 1, 5),
(25, 'SINGLE', '飞行操作', '为保证雾滴均匀附着并减少飘移，植保作业的飞行高度通常应控制在作物冠层上方约？', '[{"key":"A","value":"0.2米以内"},{"key":"B","value":"1.5至3米"},{"key":"C","value":"10米以上"},{"key":"D","value":"20米以上"}]', 'B', '作业高度过高会加剧雾滴飘移、过低会扰动作物，通常控制在冠层上方约1.5至3米较为适宜。', 2, 5),
(26, 'MULTI', '飞行操作', '植保无人机航线规划与作业中应考虑下列哪些因素？', '[{"key":"A","value":"喷幅与航线重叠率"},{"key":"B","value":"飞行高度与速度"},{"key":"C","value":"地块边界与障碍物"},{"key":"D","value":"风向风速"}]', 'A,B,C,D', '合理作业需综合喷幅重叠、飞行高度速度、地块障碍及风向风速，才能保证均匀覆盖与安全。', 3, 10),
(27, 'SINGLE', '飞行操作', '植保无人机作业中飞行速度过快主要会造成？', '[{"key":"A","value":"单位面积喷液量不足导致漏防"},{"key":"B","value":"电池更耐用"},{"key":"C","value":"定位更精准"},{"key":"D","value":"雾滴更大"}]', 'A', '飞行速度过快会使单位面积喷液量下降，造成药液覆盖不足、防治效果差，应与流量匹配。', 2, 5),
(28, 'JUDGE', '飞行操作', '在GPS信号被遮挡或干扰严重的区域作业，可适当切换到手动或姿态模式并提高警惕。', '[{"key":"T","value":"正确"},{"key":"F","value":"错误"}]', 'T', '信号受扰时定位不可靠，熟练操作员可切换姿态或手动模式谨慎操控，避免依赖失准的自动航线。', 2, 5),

(29, 'SINGLE', '气象', '一般情况下，当风速超过多少时应停止植保无人机喷洒作业以防雾滴飘移？', '[{"key":"A","value":"1米每秒"},{"key":"B","value":"3米每秒"},{"key":"C","value":"4至5米每秒"},{"key":"D","value":"10米每秒"}]', 'C', '风速过大会显著加剧雾滴飘移和药害，通常风速达到约4至5米每秒以上应停止喷洒作业。', 2, 5),
(30, 'JUDGE', '气象', '中午高温强光、空气湿度低时段药液蒸发快，不利于植保喷洒，应尽量避开。', '[{"key":"T","value":"正确"},{"key":"F","value":"错误"}]', 'T', '高温低湿时药液蒸发快、雾滴易飘失且药害风险高，宜选择早晚温度较低、湿度较高时段作业。', 1, 5),
(31, 'SINGLE', '气象', '关于雾滴飘移，下列说法正确的是？', '[{"key":"A","value":"风速越大飘移越严重"},{"key":"B","value":"风速与飘移无关"},{"key":"C","value":"雾滴越大越易飘移"},{"key":"D","value":"湿度越低飘移越轻"}]', 'A', '风速越大、雾滴越细、空气越干燥，雾滴飘移越严重，应在低风速适宜条件下作业并选用合适雾滴。', 2, 5),
(32, 'MULTI', '气象', '下列哪些气象条件不适宜开展植保无人机喷洒作业？', '[{"key":"A","value":"大风天气"},{"key":"B","value":"雷雨或降雨"},{"key":"C","value":"正午高温强蒸发"},{"key":"D","value":"大雾能见度低"}]', 'A,B,C,D', '大风加剧飘移、雷雨危及安全、正午高温蒸发快、大雾影响观察与药效，均不宜作业。', 2, 10),
(33, 'SINGLE', '气象', '为减少蒸发与飘移，喷洒作业宜优先选择一天中的哪个时段？', '[{"key":"A","value":"正午前后"},{"key":"B","value":"清晨或傍晚"},{"key":"C","value":"深夜"},{"key":"D","value":"任意时段均可"}]', 'B', '清晨或傍晚气温较低、湿度较高、风速较小，蒸发与飘移少，是植保喷洒的较佳时段。', 1, 5),
(34, 'JUDGE', '气象', '作业前查看天气预报、确认作业时段内无大风和降雨，是规范作业的重要准备工作。', '[{"key":"T","value":"正确"},{"key":"F","value":"错误"}]', 'T', '提前掌握风速、降雨等气象信息可合理安排作业，避免恶劣天气导致药害、漏防或安全事故。', 1, 5),

(35, 'SINGLE', '设备维护', '锂电池长期存放时，较为科学的电量状态应保持在？', '[{"key":"A","value":"满电100%"},{"key":"B","value":"约50%至60%"},{"key":"C","value":"完全放空0%"},{"key":"D","value":"任意电量均可"}]', 'B', '锂电池长期存放宜保持约半电状态，满电或亏电存放都会加速容量衰减甚至损坏电芯。', 2, 5),
(36, 'JUDGE', '设备维护', '每次作业结束后应及时清洗药箱、管路和喷头，防止药液残留结晶堵塞与腐蚀。', '[{"key":"T","value":"正确"},{"key":"F","value":"错误"}]', 'T', '药液残留会结晶堵塞喷头并腐蚀部件，作业后及时清洗可延长设备寿命并保证下次作业流量准确。', 1, 5),
(37, 'SINGLE', '设备维护', '关于植保无人机桨叶的维护，下列做法正确的是？', '[{"key":"A","value":"发现裂纹或变形继续使用"},{"key":"B","value":"定期检查并及时更换损伤桨叶"},{"key":"C","value":"桨叶越旧越好"},{"key":"D","value":"无需检查"}]', 'B', '桨叶应定期检查，出现裂纹、缺口或变形需立即更换，带伤使用极易在高速旋转下断裂炸机。', 1, 5),
(38, 'MULTI', '设备维护', '关于植保无人机锂电池的保养，下列做法正确的有？', '[{"key":"A","value":"避免过充与过放"},{"key":"B","value":"高温环境下及时冷却后再充电"},{"key":"C","value":"长期存放保持半电"},{"key":"D","value":"使用配套充电器规范充电"}]', 'A,B,C,D', '科学保养电池需避免过充过放、热态先冷却、半电存放并使用配套充电器，可延长电池循环寿命。', 2, 10),
(39, 'SINGLE', '设备维护', '植保无人机喷头长期使用后流量变小，最可能的原因是？', '[{"key":"A","value":"药液结晶或杂质堵塞喷头"},{"key":"B","value":"电池容量增大"},{"key":"C","value":"GPS信号增强"},{"key":"D","value":"桨叶变长"}]', 'A', '喷头流量下降多因药液结晶或杂质堵塞，应清洗或更换喷头并做好作业后清洗保养。', 2, 5),
(40, 'JUDGE', '设备维护', '电机运转出现异常异响、抖动或过热时，应停止使用并检查轴承与紧固，排除故障后方可作业。', '[{"key":"T","value":"正确"},{"key":"F","value":"错误"}]', 'T', '电机异响、抖动或过热是机械或轴承故障征兆，带病运行易引发空中失效，应排查处理后再作业。', 2, 5);

INSERT INTO exam (id, title, category, description, total_score, pass_score, duration, question_ids, status) VALUES
(1, '综合结业测试', '综合', '覆盖法规、安全、植保技术、飞行操作、气象、设备维护六大维度的结业综合测试，全面检验农业植保无人机从业人员的综合素养。', 100, 60, 60, '[1,4,6,8,10,15,18,20,22,26,29,32,35,37,40]', 1),
(2, '飞前安全规范专项', '安全', '聚焦农业植保无人机飞行前安全检查与作业安全规范的专项测试，强化安全意识与应急处置能力。', 50, 30, 30, '[8,9,10,11,12,13,14,40]', 1),
(3, '空域法规专项', '法规', '围绕无人驾驶航空器飞行管理法规、分类管理、实名登记、操控员执照与空域申请的法规专项测试。', 40, 24, 30, '[1,2,3,4,5,6,7]', 1),
(4, '植保技术专项', '植保技术', '针对农药科学使用、二次稀释、抗性轮换及常见病虫害对症用药的植保技术专项测试。', 40, 24, 40, '[15,16,17,18,19,20,21]', 1),
(5, '飞行操作与气象专项', '飞行操作', '结合飞行航线规划、定位作业操作与气象作业条件的综合专项测试，提升精准作业与气象研判能力。', 75, 45, 40, '[22,23,24,25,26,27,28,29,30,31,32,33,34]', 1);
